Source,Target,Weight
0,6,1
0,8,6
0,10,1
0,13,2
0,14,1
0,17,1
0,20,4
0,38,2
0,40,6
0,45,4
0,50,4
0,51,7
0,53,6
0,54,13
0,56,4
0,64,3
0,65,4
0,70,2
0,71,2
0,85,1
0,86,1
0,102,4
0,109,5
0,110,1
0,117,4
0,118,4
0,120,3
0,121,7
0,122,1
0,128,2
0,130,1
0,134,3
0,138,7
0,142,3
0,143,6
0,151,6
0,153,3
0,162,1
0,164,4
1,3,1
1,8,1
1,14,1
1,15,1
1,19,1
1,21,3
1,25,4
1,43,5
1,47,1
1,52,1
1,54,1
1,55,3
1,60,3
1,67,2
1,72,5
1,74,1
1,75,1
1,77,1
1,83,1
1,88,1
1,91,5
1,98,7
1,106,7
1,129,2
1,131,1
1,134,1
1,136,1
1,138,1
1,140,1
1,146,1
1,148,1
1,150,6
1,155,1
1,165,3
1,166,1
2,0,2
2,6,6
2,13,2
2,14,4
2,17,2
2,20,2
2,33,6
2,36,4
2,37,2
2,45,4
2,46,8
2,48,1
2,50,1
2,51,4
2,53,1
2,64,3
2,65,4
2,70,4
2,76,3
2,80,2
2,97,1
2,102,6
2,108,4
2,118,4
2,120,4
2,121,4
2,122,6
2,133,2
2,143,2
2,151,4
2,153,4
2,162,2
3,1,2
3,15,1
3,18,1
3,21,3
3,25,4
3,27,1
3,39,4
3,43,3
3,52,5
3,55,2
3,60,1
3,72,4
3,77,2
3,88,3
3,91,1
3,94,1
3,95,2
3,99,1
3,106,2
3,118,1
3,129,1
3,136,6
3,152,3
3,165,2
3,166,6
4,12,3
4,34,4
4,35,4
4,41,2
4,57,1
4,58,5
4,59,4
4,61,8
4,73,6
4,93,4
4,124,2
4,125,3
4,141,3
4,149,8
4,155,2
5,14,1
5,16,6
5,19,28
5,20,1
5,25,1
5,28,3
5,29,1
5,30,6
5,33,1
5,38,1
5,40,1
5,42,4
5,45,3
5,51,1
5,54,4
5,71,2
5,96,1
5,102,2
5,114,10
5,115,5
5,117,1
5,118,1
5,121,1
5,142,1
5,155,1
5,156,20
5,159,1
5,164,1
6,0,2
6,13,1
6,14,5
6,17,3
6,20,1
6,36,3
6,37,3
6,40,6
6,46,1
6,50,5
6,51,2
6,53,1
6,54,2
6,56,3
6,64,1
6,65,2
6,71,3
6,76,1
6,92,1
6,102,2
6,108,2
6,110,1
6,117,4
6,118,4
6,120,2
6,121,4
6,122,3
6,130,2
6,138,6
6,151,2
6,153,5
7,5,2
7,19,2
7,26,1
7,28,1
7,29,3
7,49,1
7,51,2
7,54,4
7,67,1
7,68,3
7,69,2
7,70,1
7,71,1
7,74,4
7,75,3
7,78,4
7,102,1
7,104,4
7,107,2
7,111,1
7,115,1
7,127,1
7,128,1
7,136,1
7,137,3
7,138,1
7,150,1
7,154,1
7,156,2
8,14,1
8,17,1
8,19,2
8,20,1
8,33,1
8,37,2
8,38,6
8,40,2
8,45,1
8,48,1
8,50,1
8,51,6
8,54,13
8,56,1
8,64,12
8,65,1
8,70,2
8,71,9
8,80,2
8,85,1
8,97,1
8,98,1
8,102,3
8,109,4
8,117,3
8,118,2
8,120,2
8,121,1
8,122,3
8,128,2
8,130,3
8,138,5
8,142,5
8,143,1
8,151,5
8,162,2
8,164,2
9,0,1
9,8,3
9,14,3
9,20,2
9,33,2
9,37,1
9,45,2
9,50,7
9,51,1
9,54,6
9,64,6
9,70,2
9,71,4
9,76,1
9,84,1
9,92,1
9,97,1
9,108,1
9,109,3
9,110,4
9,117,5
9,118,5
9,121,4
9,122,2
9,130,2
9,133,7
9,142,2
9,143,1
9,151,3
9,162,7
10,7,5
10,17,1
10,28,1
10,29,1
10,43,1
10,50,2
10,63,1
10,67,2
10,68,6
10,69,12
10,74,7
10,75,5
10,78,14
10,81,1
10,83,1
10,89,2
10,98,1
10,104,1
10,107,3
10,111,4
10,116,1
10,119,5
10,127,15
10,137,8
10,144,6
10,147,2
10,149,1
10,154,10
10,157,4
10,163,2
11,1,1
11,7,2
11,17,1
11,22,5
11,29,4
11,63,3
11,66,6
11,67,3
11,68,4
11,74,3
11,75,2
11,78,1
11,79,1
11,81,1
11,89,3
11,90,2
11,101,3
11,107,1
11,111,1
11,112,2
11,116,1
11,119,4
11,127,4
11,130,1
11,137,4
11,139,2
11,140,1
11,144,3
11,147,7
11,154,4
11,157,3
11,160,1
12,32,1
12,34,1
12,35,1
12,41,1
12,44,1
12,57,2
12,58,2
12,59,2
12,61,1
12,73,6
12,93,3
12,105,1
12,124,3
12,125,2
12,149,12
12,155,4
13,0,1
13,6,1
13,8,4
13,17,2
13,20,3
13,33,2
13,37,4
13,40,1
13,45,2
13,46,1
13,50,1
13,51,3
13,53,1
13,54,2
13,56,1
13,71,2
13,80,1
13,86,2
13,97,2
13,102,8
13,109,2
13,110,3
13,117,1
13,121,2
13,128,2
13,133,1
13,134,1
13,138,4
13,142,4
13,143,2
13,153,4
13,162,3
14,0,1
14,5,2
14,6,1
14,17,3
14,19,1
14,20,4
14,33,2
14,40,3
14,45,1
14,46,1
14,50,1
14,51,7
14,54,8
14,56,1
14,71,3
14,74,1
14,96,2
14,102,9
14,109,1
14,114,1
14,117,5
14,118,2
14,121,1
14,122,2
14,127,1
14,128,2
14,130,2
14,138,6
14,142,2
14,143,4
14,151,2
14,155,1
14,162,4
14,164,3
15,1,4
15,3,2
15,21,4
15,25,4
15,43,2
15,47,1
15,52,2
15,55,5
15,72,8
15,83,1
15,88,1
15,91,4
15,98,3
15,100,1
15,106,6
15,123,1
15,129,2
15,136,1
15,140,2
15,148,5
15,150,4
15,152,1
16,5,23
16,19,18
16,28,18
16,30,12
16,32,2
16,42,10
16,54,1
16,59,1
16,62,1
16,64,2
16,74,1
16,96,3
16,107,1
16,113,1
16,114,27
16,115,17
16,120,1
16,122,1
16,133,1
16,138,1
16,156,22
16,159,9
16,164,1
17,5,1
17,6,1
17,8,1
17,14,4
17,29,1
17,33,2
17,36,2
17,37,2
17,40,1
17,50,1
17,51,1
17,56,5
17,64,2
17,70,2
17,71,2
17,85,1
17,97,1
17,106,1
17,110,2
17,118,3
17,120,1
17,121,3
17,128,2
17,130,2
17,133,1
17,138,4
17,151,2
17,157,1
18,1,1
18,3,3
18,21,1
18,23,1
18,39,1
18,43,3
18,47,1
18,55,1
18,60,5
18,72,2
18,77,1
18,83,1
18,87,2
18,88,3
18,91,4
18,98,2
18,99,7
18,100,1
18,129,2
18,136,7
18,148,1
18,150,3
18,152,2
18,165,7
18,166,2
19,5,26
19,7,1
19,14,1
19,16,4
19,25,1
19,28,7
19,30,2
19,32,1
19,42,2
19,51,3
19,54,1
19,62,1
19,64,2
19,71,2
19,96,7
19,102,3
19,110,1
19,114,10
19,115,3
19,117,1
19,118,1
19,138,1
19,155,1
19,156,14
19,164,1
20,0,1
20,5,2
20,6,1
20,8,3
20,13,1
20,14,1
20,19,1
20,33,4
20,36,1
20,37,4
20,38,2
20,40,4
20,43,1
20,45,6
20,51,8
20,53,1
20,54,5
20,56,3
20,64,7
20,69,1
20,70,1
20,71,6
20,74,1
20,96,1
20,102,3
20,106,2
20,109,2
20,110,3
20,115,1
20,117,3
20,118,2
20,120,2
20,121,12
20,122,1
20,128,2
20,138,1
20,142,8
20,143,3
20,151,2
20,162,2
20,164,9
21,1,5
21,3,3
21,15,1
21,18,1
21,25,1
21,27,2
21,31,3
21,39,3
21,43,2
21,47,1
21,52,4
21,55,8
21,60,3
21,72,7
21,77,3
21,82,1
21,83,1
21,91,3
21,94,1
21,98,1
21,99,2
21,106,6
21,129,2
21,131,1
21,136,3
21,140,1
21,146,2
21,148,3
21,152,1
21,165,2
21,166,3
22,10,2
22,11,1
22,24,1
22,29,2
22,66,3
22,67,7
22,68,1
22,69,3
22,74,2
22,78,1
22,81,1
22,89,14
22,104,1
22,107,3
22,111,2
22,112,1
22,116,1
22,132,8
22,137,13
22,147,10
22,160,4
22,161,2
23,1,3
23,3,1
23,18,2
23,21,5
23,39,3
23,43,2
23,47,4
23,52,1
23,55,1
23,60,1
23,72,4
23,77,2
23,87,1
23,94,1
23,98,1
23,100,1
23,106,2
23,123,2
23,129,2
23,136,1
23,140,5
23,146,6
23,150,2
23,152,9
23,165,2
23,166,1
24,10,1
24,11,2
24,22,11
24,29,3
24,63,4
24,66,2
24,67,11
24,68,3
24,69,1
24,74,2
24,75,2
24,79,5
24,89,10
24,90,2
24,101,1
24,107,1
24,116,3
24,132,8
24,137,6
24,144,3
24,147,6
24,157,2
24,160,8
24,163,2
25,3,2
25,19,3
25,27,1
25,28,1
25,31,5
25,33,1
25,39,7
25,40,1
25,43,5
25,45,1
25,51,1
25,52,3
25,54,2
25,55,2
25,71,1
25,72,3
25,74,2
25,83,1
25,87,1
25,96,1
25,98,1
25,99,1
25,102,1
25,106,6
25,122,2
25,129,2
25,136,1
25,140,3
25,148,2
25,150,1
25,152,1
25,165,2
25,166,3
26,7,1
26,19,1
26,25,1
26,29,1
26,32,4
26,34,1
26,42,1
26,44,3
26,51,1
26,58,1
26,59,2
26,61,1
26,62,6
26,64,1
26,69,1
26,73,4
26,74,1
26,93,1
26,96,17
26,107,1
26,113,1
26,122,1
26,149,2
26,155,8
27,1,2
27,21,2
27,25,2
27,39,1
27,55,3
27,60,3
27,77,2
27,82,1
27,83,1
27,91,5
27,94,3
27,98,2
27,99,1
27,129,9
27,131,4
27,136,2
27,146,2
27,148,1
27,150,2
27,152,3
27,165,1
28,1,1
28,5,38
28,8,1
28,16,5
28,17,1
28,19,31
28,30,7
28,32,2
28,42,6
28,45,1
28,54,4
28,71,1
28,74,1
28,96,3
28,102,1
28,114,22
28,115,17
28,118,1
28,122,1
28,128,1
28,138,2
28,155,1
28,156,31
28,159,2
29,7,1
29,19,1
29,32,1
29,63,1
29,67,1
29,68,7
29,69,7
29,74,10
29,75,1
29,78,3
29,104,2
29,107,3
29,117,2
29,119,5
29,120,1
29,122,1
29,127,4
29,132,1
29,137,12
29,142,1
29,144,4
29,147,2
29,151,1
29,154,1
29,156,1
29,157,4
29,163,1
30,5,18
30,16,4
30,19,15
30,25,2
30,26,1
30,28,12
30,32,1
30,42,6
30,45,1
30,51,2
30,62,2
30,74,1
30,96,1
30,113,2
30,114,16
30,115,10
30,121,2
30,137,1
30,151,1
30,155,1
30,156,13
30,159,4
30,164,2
31,21,2
31,23,1
31,25,3
31,39,8
31,43,4
31,52,4
31,55,8
31,60,1
31,69,1
31,72,8
31,75,1
31,77,1
31,82,3
31,87,1
31,91,3
31,97,1
31,98,2
31,100,1
31,106,4
31,123,2
31,129,3
31,131,1
31,136,5
31,140,3
31,148,3
31,150,3
31,152,3
31,165,5
31,166,1
32,5,3
32,12,1
32,19,7
32,26,3
32,30,3
32,35,2
32,38,1
32,42,2
32,44,7
32,54,1
32,59,11
32,61,1
32,62,17
32,73,1
32,96,17
32,113,6
32,114,1
32,117,1
32,130,1
32,137,1
32,149,2
32,155,14
32,156,2
33,5,1
33,14,2
33,19,2
33,20,1
33,40,1
33,42,1
33,45,4
33,51,2
33,53,1
33,54,1
33,56,1
33,64,1
33,65,1
33,74,1
33,96,2
33,108,1
33,110,1
33,118,2
33,120,1
33,128,2
33,137,1
33,138,2
33,151,1
33,153,1
34,26,9
34,32,7
34,35,4
34,44,4
34,58,2
34,59,3
34,61,7
34,62,6
34,73,3
34,93,3
34,96,12
34,113,6
34,142,1
34,149,10
34,155,11
35,4,5
35,12,3
35,32,13
35,34,3
35,44,11
35,57,2
35,59,3
35,61,10
35,62,4
35,73,3
35,96,4
35,113,1
35,125,1
35,141,8
35,149,4
35,155,2
36,0,1
36,8,6
36,13,1
36,14,12
36,17,2
36,20,7
36,37,4
36,38,3
36,40,5
36,45,2
36,46,1
36,50,1
36,51,7
36,54,5
36,56,4
36,64,6
36,65,2
36,70,7
36,71,7
36,85,1
36,102,9
36,108,1
36,109,3
36,110,10
36,117,4
36,118,9
36,120,8
36,121,7
36,122,8
36,128,6
36,130,1
36,133,3
36,134,4
36,138,7
36,142,5
36,143,4
36,162,5
36,164,4
37,6,1
37,14,2
37,19,1
37,20,1
37,40,2
37,45,1
37,51,1
37,54,5
37,55,1
37,56,1
37,65,2
37,71,2
37,85,1
37,86,1
37,102,3
37,109,1
37,117,1
37,118,2
37,121,1
37,122,1
37,130,2
37,133,2
37,137,1
37,138,4
37,151,3
37,153,2
37,156,1
38,8,3
38,14,2
38,19,3
38,20,1
38,45,3
38,50,1
38,51,3
38,54,3
38,64,7
38,71,6
38,96,1
38,109,2
38,117,1
38,118,2
38,120,2
38,121,4
38,122,2
38,128,3
38,138,2
38,142,2
38,143,2
38,156,1
38,162,3
38,164,1
39,1,1
39,3,1
39,19,1
39,21,1
39,25,13
39,31,4
39,43,6
39,47,1
39,52,2
39,55,9
39,60,2
39,72,5
39,77,1
39,82,2
39,83,1
39,87,2
39,88,1
39,91,1
39,98,2
39,106,3
39,123,1
39,128,1
39,129,3
39,136,4
39,140,1
39,146,1
39,148,1
39,150,6
39,152,4
39,164,1
39,165,4
39,166,2
40,0,1
40,6,1
40,14,2
40,17,2
40,19,1
40,20,1
40,33,1
40,37,2
40,38,4
40,45,5
40,50,8
40,51,3
40,54,2
40,56,3
40,64,6
40,71,4
40,74,1
40,102,3
40,109,2
40,110,13
40,117,3
40,118,8
40,120,3
40,121,2
40,122,4
40,128,5
40,138,8
40,142,28
40,143,1
40,153,1
40,162,3
40,164,3
41,4,4
41,12,5
41,26,1
41,34,2
41,57,9
41,58,8
41,61,2
41,93,6
41,96,2
41,105,4
41,113,2
41,124,1
41,125,12
41,141,4
41,149,1
42,5,18
42,16,4
42,19,18
42,28,25
42,30,17
42,45,1
42,54,1
42,61,1
42,71,1
42,74,1
42,96,4
42,114,18
42,115,12
42,118,1
42,120,1
42,128,1
42,143,1
42,155,1
42,156,26
42,159,5
43,1,4
43,19,1
43,25,4
43,31,1
43,39,1
43,45,1
43,47,2
43,55,2
43,60,1
43,64,1
43,71,2
43,72,3
43,82,2
43,83,2
43,87,1
43,88,1
43,91,2
43,96,2
43,98,9
43,106,4
43,122,1
43,127,2
43,129,4
43,131,1
43,136,3
43,137,3
43,140,1
43,150,6
43,152,1
43,155,1
43,156,1
43,165,2
43,166,1
44,5,1
44,14,2
44,19,1
44,26,8
44,32,23
44,34,1
44,35,1
44,59,12
44,61,2
44,62,21
44,64,1
44,73,6
44,96,13
44,113,6
44,122,1
44,141,1
44,149,2
44,155,11
45,5,1
45,14,2
45,19,4
45,33,3
45,37,1
45,38,1
45,40,1
45,51,2
45,54,5
45,64,1
45,65,1
45,71,5
45,102,3
45,109,5
45,110,2
45,117,1
45,118,2
45,120,1
45,121,3
45,122,3
45,128,23
45,138,2
45,142,2
45,143,1
45,153,1
45,155,2
45,156,2
45,162,11
45,164,1
46,8,2
46,13,2
46,14,5
46,17,5
46,20,1
46,33,5
46,37,2
46,45,4
46,48,1
46,50,5
46,54,3
46,56,2
46,64,4
46,70,2
46,71,6
46,80,18
46,85,18
46,92,2
46,102,5
46,108,1
46,109,2
46,118,6
46,120,3
46,121,2
46,122,3
46,128,4
46,133,2
46,134,4
46,138,2
46,142,4
46,143,4
46,147,1
46,151,3
46,153,2
47,1,3
47,3,1
47,15,1
47,18,1
47,21,2
47,23,1
47,25,1
47,31,4
47,39,3
47,43,10
47,55,4
47,60,4
47,69,1
47,70,2
47,72,2
47,77,7
47,82,1
47,83,3
47,87,1
47,88,3
47,91,1
47,95,1
47,98,5
47,100,2
47,106,6
47,123,6
47,129,3
47,140,7
47,146,3
47,148,1
47,150,3
47,152,8
47,165,7
47,166,1
48,8,4
48,9,2
48,14,2
48,17,1
48,36,3
48,37,5
48,38,1
48,40,3
48,46,3
48,50,5
48,51,6
48,53,2
48,54,4
48,56,2
48,64,3
48,65,3
48,70,2
48,71,4
48,76,1
48,85,6
48,92,1
48,109,4
48,110,2
48,118,2
48,120,4
48,121,8
48,122,4
48,128,6
48,130,8
48,133,2
48,134,3
48,138,4
48,142,4
48,143,6
48,153,2
48,162,2
48,164,2
49,7,7
49,103,9
49,104,13
49,135,4
49,145,7
49,158,6
50,0,2
50,1,1
50,8,4
50,9,1
50,14,3
50,17,1
50,20,6
50,25,1
50,29,1
50,33,1
50,36,1
50,37,2
50,38,2
50,40,32
50,45,4
50,46,1
50,51,6
50,54,7
50,56,8
50,64,6
50,65,2
50,71,9
50,85,1
50,89,1
50,92,1
50,97,1
50,102,9
50,107,1
50,109,3
50,110,27
50,117,6
50,118,3
50,120,1
50,121,7
50,122,10
50,128,4
50,130,2
50,133,1
50,138,2
50,142,40
50,143,1
50,147,3
50,151,2
50,153,2
50,162,4
50,164,2
51,5,2
51,7,1
51,8,2
51,13,1
51,14,3
51,19,1
51,20,7
51,28,1
51,38,2
51,40,2
51,45,3
51,54,2
51,56,1
51,64,3
51,70,1
51,71,3
51,96,1
51,102,4
51,110,2
51,117,1
51,118,1
51,120,3
51,122,3
51,128,3
51,129,1
51,136,1
51,138,2
51,142,3
51,151,1
51,153,1
51,156,1
51,164,7
52,1,1
52,3,4
52,21,2
52,25,7
52,31,4
52,39,2
52,43,1
52,55,3
52,72,5
52,77,1
52,82,1
52,83,1
52,87,1
52,91,1
52,98,5
52,99,1
52,106,3
52,123,2
52,129,1
52,131,2
52,136,2
52,148,1
52,150,1
52,165,2
52,166,1
53,0,3
53,6,1
53,8,1
53,13,1
53,20,2
53,33,1
53,36,2
53,40,2
53,45,2
53,50,1
53,51,3
53,54,4
53,56,5
53,64,1
53,70,1
53,71,7
53,80,2
53,85,2
53,97,2
53,110,2
53,117,3
53,120,8
53,121,2
53,122,1
53,128,2
53,130,2
53,134,2
53,138,2
53,143,3
53,151,1
53,153,2
53,162,1
54,1,1
54,5,2
54,8,1
54,19,4
54,20,2
54,33,2
54,37,2
54,38,1
54,40,2
54,45,3
54,51,3
54,64,1
54,71,4
54,96,1
54,102,4
54,109,2
54,117,1
54,118,2
54,120,1
54,130,1
54,137,1
54,138,3
54,142,1
54,143,1
54,151,1
54,155,1
54,162,1
54,164,2
55,1,2
55,3,1
55,7,1
55,15,1
55,19,1
55,21,4
55,23,1
55,25,2
55,26,1
55,39,4
55,43,5
55,52,2
55,54,1
55,60,2
55,71,1
55,72,7
55,82,2
55,83,2
55,87,1
55,91,2
55,98,3
55,104,1
55,106,5
55,118,1
55,123,1
55,129,2
55,130,1
55,131,3
55,136,2
55,137,3
55,140,2
55,148,1
55,152,2
55,155,1
55,165,4
55,166,1
56,0,2
56,5,2
56,6,1
56,14,2
56,17,1
56,19,1
56,20,8
56,30,1
56,33,2
56,37,1
56,38,1
56,40,6
56,45,4
56,46,1
56,48,2
56,50,6
56,51,1
56,54,5
56,64,4
56,71,4
56,74,1
56,80,1
56,92,1
56,102,3
56,106,1
56,109,3
56,110,2
56,117,3
56,118,1
56,121,9
56,122,10
56,128,1
56,137,1
56,138,4
56,142,1
56,143,5
56,151,1
56,153,2
56,162,1
56,164,12
57,4,1
57,12,5
57,32,1
57,34,2
57,35,4
57,41,4
57,58,3
57,59,3
57,61,4
57,62,2
57,73,7
57,124,1
57,125,4
57,141,2
57,149,6
57,155,3
58,4,1
58,12,1
58,26,1
58,32,2
58,34,3
58,35,2
58,57,1
58,61,2
58,73,5
58,93,8
58,96,2
58,113,1
58,124,2
58,125,1
58,141,3
58,149,4
58,155,1
59,26,5
59,32,17
59,34,2
59,35,1
59,44,6
59,61,4
59,62,8
59,73,5
59,96,9
59,105,1
59,113,5
59,137,1
59,149,6
59,155,12
60,1,3
60,3,1
60,21,3
60,25,3
60,27,2
60,39,4
60,43,3
60,47,1
60,55,7
60,72,4
60,77,4
60,83,1
60,88,1
60,91,8
60,98,4
60,99,1
60,106,4
60,129,12
60,131,3
60,140,1
60,148,3
60,150,7
60,152,2
60,166,1
61,4,2
61,5,1
61,19,1
61,26,5
61,32,5
61,34,8
61,35,1
61,42,1
61,44,4
61,58,1
61,59,2
61,62,6
61,71,1
61,73,6
61,93,3
61,96,8
61,113,1
61,115,1
61,117,1
61,124,1
61,125,1
61,141,1
61,149,9
61,155,4
62,7,1
62,19,2
62,26,4
62,28,1
62,30,1
62,32,15
62,34,1
62,35,3
62,42,1
62,44,7
62,51,1
62,58,1
62,59,5
62,61,3
62,73,6
62,96,16
62,105,1
62,110,1
62,113,9
62,115,1
62,138,1
62,143,1
62,149,3
62,155,12
62,164,1
63,7,3
63,10,3
63,19,1
63,22,7
63,24,1
63,29,9
63,33,1
63,66,6
63,67,8
63,68,5
63,69,1
63,70,3
63,74,7
63,75,1
63,78,4
63,81,3
63,89,3
63,107,10
63,119,7
63,121,1
63,127,2
63,132,3
63,137,18
63,144,1
63,147,4
63,154,2
63,157,3
63,160,1
63,161,5
63,163,1
64,2,1
64,5,2
64,8,3
64,14,2
64,20,3
64,33,2
64,36,1
64,37,1
64,38,5
64,40,2
64,45,4
64,50,2
64,51,2
64,53,1
64,54,1
64,56,8
64,65,3
64,71,9
64,80,1
64,92,1
64,97,1
64,102,7
64,109,1
64,110,4
64,117,2
64,118,7
64,120,1
64,121,4
64,122,10
64,130,2
64,133,4
64,138,2
64,142,8
64,143,7
64,151,3
64,162,4
65,0,2
65,8,1
65,13,1
65,14,10
65,20,3
65,28,1
65,33,5
65,36,1
65,37,2
65,38,3
65,40,6
65,50,1
65,51,10
65,54,1
65,56,2
65,64,3
65,80,2
65,84,1
65,85,1
65,92,3
65,102,9
65,106,1
65,108,2
65,109,2
65,110,4
65,117,2
65,118,2
65,120,3
65,121,2
65,122,6
65,128,6
65,133,1
65,134,3
65,138,6
65,142,5
65,143,7
65,151,2
65,153,1
65,162,2
66,5,1
66,7,1
66,10,4
66,11,1
66,22,6
66,25,1
66,29,3
66,50,1
66,55,1
66,63,2
66,64,1
66,65,1
66,67,4
66,68,3
66,69,1
66,70,2
66,74,7
66,81,3
66,89,5
66,90,2
66,98,1
66,101,1
66,104,1
66,107,4
66,111,5
66,112,1
66,115,1
66,116,1
66,117,1
66,119,1
66,122,1
66,127,2
66,132,5
66,137,12
66,139,1
66,144,2
66,147,7
66,154,6
66,156,1
66,157,2
66,161,2
66,163,3
67,1,1
67,7,5
67,10,3
67,11,1
67,17,1
67,22,13
67,24,2
67,29,7
67,43,1
67,55,1
67,63,5
67,64,1
67,66,1
67,68,3
67,69,4
67,74,7
67,77,1
67,78,1
67,82,1
67,84,1
67,89,14
67,92,2
67,98,1
67,104,2
67,106,1
67,107,4
67,111,1
67,116,1
67,119,4
67,127,7
67,132,8
67,137,24
67,144,3
67,147,24
67,154,2
67,157,1
67,160,3
67,161,4
68,5,1
68,7,1
68,10,3
68,17,1
68,28,1
68,29,1
68,54,1
68,69,3
68,74,4
68,75,4
68,78,2
68,81,1
68,96,1
68,102,1
68,106,1
68,115,1
68,118,2
68,119,1
68,120,2
68,122,1
68,127,4
68,130,1
68,137,4
68,138,1
68,144,1
68,157,1
68,164,1
69,7,6
69,10,3
69,14,1
69,29,4
69,43,1
69,68,9
69,74,5
69,75,4
69,76,2
69,78,4
69,96,1
69,98,1
69,107,1
69,111,3
69,114,1
69,119,6
69,127,10
69,132,1
69,137,5
69,138,1
69,144,1
69,154,6
69,157,2
70,0,2
70,7,1
70,8,3
70,14,4
70,17,1
70,20,4
70,22,1
70,30,1
70,33,4
70,36,3
70,40,2
70,43,2
70,45,1
70,50,1
70,51,4
70,56,7
70,68,2
70,71,4
70,80,1
70,104,1
70,108,2
70,109,1
70,117,3
70,118,1
70,121,1
70,122,3
70,128,3
70,133,1
70,134,2
70,137,4
70,138,5
70,142,2
70,156,1
70,162,3
70,164,4
71,8,7
71,14,1
71,19,4
71,20,1
71,28,1
71,32,1
71,33,2
71,37,1
71,38,5
71,40,2
71,43,1
71,45,2
71,51,3
71,64,2
71,102,3
71,107,1
71,109,1
71,110,1
71,117,1
71,118,2
71,120,2
71,121,1
71,122,3
71,128,1
71,133,1
71,134,1
71,137,1
71,138,2
71,142,5
71,143,3
71,156,2
71,162,1
71,164,2
72,1,4
72,5,2
72,15,1
72,19,1
72,25,8
72,30,1
72,31,4
72,39,4
72,43,8
72,47,2
72,52,1
72,55,10
72,56,1
72,60,1
72,74,1
72,91,2
72,98,6
72,100,1
72,102,1
72,106,5
72,123,1
72,136,1
72,140,1
72,150,1
72,155,1
72,165,3
73,4,1
73,5,2
73,12,1
73,19,1
73,26,3
73,30,2
73,32,10
73,33,1
73,34,7
73,35,3
73,44,4
73,58,3
73,59,1
73,61,4
73,62,8
73,74,1
73,96,16
73,98,1
73,113,2
73,114,1
73,141,1
73,149,5
73,155,10
73,156,2
73,159,1
74,5,3
74,7,3
74,10,2
74,14,1
74,17,1
74,19,2
74,20,1
74,22,1
74,28,1
74,29,5
74,30,2
74,33,1
74,51,3
74,63,4
74,64,1
74,67,1
74,68,2
74,69,1
74,70,4
74,71,1
74,72,1
74,73,1
74,75,1
74,78,2
74,89,1
74,96,3
74,102,1
74,104,1
74,106,1
74,107,7
74,114,1
74,115,2
74,117,1
74,119,2
74,127,3
74,130,1
74,132,1
74,137,17
74,142,1
74,147,1
74,151,1
74,154,3
74,157,1
74,161,1
74,162,1
75,7,3
75,10,2
75,29,4
75,43,1
75,68,6
75,69,15
75,74,2
75,76,1
75,78,3
75,81,3
75,83,1
75,92,1
75,97,1
75,107,2
75,111,2
75,119,7
75,127,1
75,132,1
75,137,1
75,144,3
75,147,1
75,150,1
75,154,2
75,156,1
75,157,1
76,0,2
76,6,2
76,8,2
76,9,1
76,13,2
76,14,4
76,33,2
76,36,2
76,37,2
76,40,4
76,45,2
76,50,2
76,53,3
76,54,4
76,56,3
76,65,1
76,68,1
76,74,1
76,80,1
76,102,2
76,117,3
76,118,2
76,119,2
76,120,2
76,121,1
76,122,2
76,128,1
76,130,1
76,137,1
76,142,2
76,144,3
76,151,6
76,153,4
76,154,1
76,157,1
76,160,1
77,1,2
77,3,2
77,7,1
77,10,1
77,18,2
77,23,2
77,25,2
77,27,1
77,39,5
77,43,7
77,47,5
77,52,1
77,55,2
77,60,4
77,66,2
77,69,1
77,87,1
77,88,13
77,91,1
77,98,2
77,99,2
77,100,2
77,106,7
77,123,1
77,129,3
77,131,1
77,136,1
77,140,8
77,146,7
77,147,1
77,148,2
77,150,3
77,152,14
77,165,13
77,166,1
78,1,1
78,7,4
78,10,7
78,22,2
78,24,1
78,29,6
78,45,1
78,51,1
78,68,7
78,69,6
78,75,3
78,81,4
78,89,1
78,111,6
78,119,8
78,127,11
78,137,8
78,144,7
78,150,1
78,154,13
78,157,2
79,11,1
79,22,9
79,24,5
79,29,2
79,63,2
79,66,2
79,67,6
79,68,2
79,75,2
79,78,1
79,81,2
79,89,7
79,90,1
79,111,2
79,116,2
79,119,2
79,132,7
79,137,5
79,139,2
79,144,2
79,147,6
79,160,8
79,161,2
80,8,5
80,13,1
80,14,2
80,17,2
80,20,1
80,33,4
80,36,1
80,37,2
80,40,3
80,46,2
80,48,1
80,50,1
80,53,3
80,56,5
80,64,5
80,65,1
80,70,4
80,76,1
80,84,1
80,85,12
80,92,1
80,102,3
80,108,2
80,109,4
80,110,1
80,111,1
80,117,4
80,118,6
80,120,4
80,121,1
80,122,1
80,128,4
80,133,2
80,134,4
80,138,3
80,142,4
80,143,3
81,10,1
81,11,1
81,29,2
81,43,1
81,68,8
81,69,6
81,75,5
81,78,7
81,83,2
81,96,1
81,107,1
81,119,5
81,127,5
81,132,2
81,137,8
81,139,1
81,140,1
81,144,8
81,147,2
81,150,1
81,154,2
81,157,3
81,160,1
82,1,2
82,3,1
82,21,2
82,25,2
82,31,3
82,39,3
82,43,2
82,47,1
82,55,5
82,60,4
82,72,5
82,77,1
82,89,1
82,91,5
82,94,3
82,98,2
82,100,1
82,106,4
82,123,1
82,129,7
82,131,1
82,136,1
82,140,1
82,148,9
82,150,4
82,152,2
82,165,2
82,166,2
83,1,4
83,3,1
83,15,1
83,21,1
83,22,1
83,25,4
83,27,1
83,39,3
83,43,5
83,47,2
83,52,1
83,55,1
83,60,1
83,69,1
83,72,5
83,75,1
83,91,1
83,98,5
83,99,1
83,100,1
83,106,2
83,119,1
83,123,1
83,129,1
83,136,1
83,137,1
83,140,1
83,148,1
83,150,7
83,165,2
84,0,2
84,6,2
84,8,6
84,9,2
84,17,6
84,37,2
84,40,2
84,45,2
84,46,2
84,50,3
84,54,2
84,56,3
84,64,1
84,65,2
84,70,4
84,71,4
84,80,6
84,85,4
84,108,7
84,109,4
84,118,5
84,120,3
84,121,4
84,122,6
84,128,2
84,133,6
84,138,8
84,142,4
84,147,1
84,151,2
84,162,2
85,0,1
85,8,1
85,17,4
85,33,1
85,36,2
85,37,3
85,40,1
85,45,4
85,46,11
85,48,1
85,51,4
85,53,2
85,54,1
85,56,2
85,64,1
85,65,2
85,71,4
85,75,1
85,80,17
85,84,1
85,86,1
85,97,1
85,109,1
85,118,2
85,120,3
85,121,8
85,128,6
85,130,7
85,133,2
85,134,2
85,138,5
85,142,1
85,143,2
85,153,4
86,0,3
86,8,4
86,13,6
86,14,8
86,17,4
86,20,13
86,36,2
86,37,1
86,38,4
86,40,7
86,45,8
86,46,2
86,48,2
86,50,2
86,51,14
86,54,3
86,56,8
86,64,6
86,65,1
86,70,6
86,71,6
86,80,4
86,84,2
86,102,13
86,108,1
86,110,6
86,117,5
86,118,9
86,120,4
86,121,6
86,122,10
86,128,1
86,130,4
86,133,4
86,134,4
86,138,2
86,142,5
86,143,9
86,151,1
86,153,4
86,162,4
86,164,7
87,15,1
87,18,2
87,25,1
87,27,2
87,31,1
87,39,5
87,43,2
87,47,2
87,52,3
87,60,1
87,72,5
87,77,1
87,88,2
87,95,3
87,99,4
87,100,3
87,106,3
87,129,2
87,136,1
87,150,3
87,152,1
87,165,6
87,166,3
88,1,3
88,3,3
88,15,1
88,18,2
88,21,3
88,25,3
88,31,2
88,39,2
88,43,2
88,47,1
88,55,2
88,60,2
88,72,3
88,77,5
88,82,1
88,87,3
88,91,3
88,95,2
88,98,4
88,99,3
88,100,5
88,106,3
88,123,1
88,136,6
88,146,5
88,150,1
88,152,11
88,165,9
88,166,12
89,7,2
89,10,5
89,17,1
89,20,1
89,22,12
89,24,3
89,29,5
89,63,6
89,66,2
89,67,19
89,68,1
89,69,2
89,70,1
89,74,4
89,78,7
89,81,2
89,98,1
89,104,2
89,107,4
89,112,1
89,119,3
89,127,4
89,132,10
89,137,26
89,147,16
89,154,6
89,157,3
89,160,8
89,161,12
90,10,2
90,11,1
90,22,4
90,25,1
90,29,5
90,63,2
90,66,9
90,67,2
90,68,6
90,81,4
90,111,2
90,116,2
90,119,2
90,132,2
90,137,1
90,144,5
90,147,2
90,160,1
90,163,3
91,1,4
91,3,1
91,15,1
91,18,1
91,25,2
91,27,4
91,31,3
91,39,2
91,43,1
91,47,1
91,55,3
91,60,8
91,72,12
91,82,1
91,83,1
91,88,1
91,94,2
91,98,4
91,99,1
91,100,1
91,106,3
91,129,7
91,131,2
91,140,1
91,148,2
91,165,2
91,166,3
92,0,2
92,1,1
92,6,2
92,8,4
92,9,1
92,13,2
92,17,2
92,20,8
92,33,7
92,36,2
92,37,6
92,38,1
92,40,9
92,43,1
92,45,4
92,48,4
92,50,1
92,51,2
92,53,4
92,54,5
92,56,7
92,64,7
92,65,5
92,70,3
92,71,8
92,80,2
92,85,1
92,86,2
92,97,1
92,102,6
92,108,2
92,109,4
92,110,8
92,117,2
92,118,9
92,120,6
92,121,2
92,122,1
92,128,4
92,130,4
92,133,4
92,134,5
92,137,1
92,138,8
92,142,12
92,143,5
92,151,5
92,162,2
93,4,1
93,26,1
93,32,2
93,34,5
93,35,2
93,44,1
93,58,4
93,61,5
93,62,2
93,73,2
93,96,3
93,113,2
93,124,2
93,125,1
93,145,1
93,149,7
93,155,2
94,1,2
94,3,1
94,10,1
94,15,2
94,18,1
94,21,2
94,23,2
94,25,2
94,27,3
94,39,1
94,43,1
94,47,2
94,52,1
94,60,6
94,69,1
94,72,1
94,77,1
94,82,3
94,91,13
94,98,5
94,123,2
94,129,5
94,131,2
94,140,2
94,150,6
94,152,2
94,166,1
95,3,6
95,18,1
95,25,4
95,27,2
95,31,2
95,39,5
95,43,4
95,47,1
95,52,3
95,55,2
95,60,1
95,77,3
95,82,1
95,87,5
95,88,4
95,94,2
95,99,6
95,100,2
95,123,1
95,129,2
95,136,7
95,140,2
95,146,2
95,150,1
95,152,1
95,165,6
95,166,10
96,5,7
96,7,2
96,16,1
96,19,13
96,26,3
96,28,4
96,30,3
96,32,4
96,33,1
96,35,1
96,37,1
96,42,1
96,44,3
96,45,1
96,51,3
96,54,4
96,59,1
96,62,7
96,64,1
96,71,2
96,73,3
96,74,1
96,102,1
96,110,1
96,113,2
96,114,1
96,115,4
96,117,1
96,118,2
96,136,1
96,137,1
96,138,1
96,142,2
96,143,1
96,149,3
96,150,1
96,155,11
96,156,3
96,164,1
97,0,4
97,2,1
97,6,1
97,8,5
97,13,2
97,20,2
97,37,2
97,45,4
97,46,1
97,50,2
97,51,2
97,53,2
97,54,4
97,56,3
97,64,3
97,65,2
97,69,1
97,70,2
97,71,4
97,75,1
97,80,2
97,84,1
97,85,1
97,86,1
97,92,1
97,102,4
97,110,3
97,117,3
97,120,2
97,122,1
97,128,1
97,130,2
97,133,2
97,134,2
97,142,6
97,143,2
97,151,6
97,153,1
97,162,3
98,1,4
98,7,1
98,14,1
98,19,1
98,21,1
98,25,6
98,39,2
98,43,2
98,45,1
98,51,2
98,52,5
98,54,2
98,55,1
98,60,1
98,68,1
98,72,5
98,83,1
98,88,1
98,91,2
98,99,1
98,102,1
98,106,4
98,115,1
98,118,1
98,122,1
98,123,1
98,127,1
98,129,2
98,136,2
98,138,2
98,146,1
98,150,4
98,152,1
98,154,1
98,165,5
99,3,2
99,18,1
99,21,1
99,25,3
99,27,1
99,31,1
99,39,5
99,43,5
99,52,2
99,55,3
99,60,3
99,72,3
99,77,2
99,83,1
99,87,4
99,88,1
99,91,2
99,95,1
99,98,1
99,100,6
99,106,3
99,123,1
99,129,4
99,136,2
99,140,1
99,150,1
99,165,14
99,166,3
100,1,4
100,3,2
100,15,1
100,18,1
100,21,1
100,23,1
100,25,1
100,31,3
100,39,1
100,43,3
100,55,1
100,60,6
100,72,3
100,77,2
100,82,1
100,83,1
100,87,3
100,88,2
100,91,2
100,95,1
100,98,4
100,99,3
100,106,3
100,123,1
100,129,4
100,136,5
100,146,1
100,150,2
100,165,5
100,166,4
101,1,1
101,7,1
101,11,6
101,22,1
101,25,1
101,66,4
101,68,3
101,69,2
101,74,2
101,75,2
101,76,2
101,78,3
101,89,5
101,90,7
101,107,3
101,111,9
101,112,2
101,116,1
101,127,1
101,132,3
101,137,7
101,139,6
101,144,2
101,154,1
101,160,2
101,163,2
102,5,1
102,8,2
102,13,2
102,14,3
102,19,1
102,20,2
102,33,1
102,37,5
102,38,2
102,40,2
102,45,1
102,51,4
102,54,5
102,64,3
102,65,2
102,71,1
102,86,1
102,109,1
102,110,1
102,117,3
102,118,6
102,120,2
102,121,1
102,122,2
102,128,2
102,138,2
102,142,1
102,143,2
102,151,2
102,156,1
102,164,1
103,7,2
103,49,8
103,58,1
103,93,2
103,104,7
103,135,7
103,145,9
103,158,3
104,7,13
104,19,2
104,30,1
104,49,2
104,51,1
104,54,1
104,67,1
104,69,2
104,70,4
104,74,1
104,77,1
104,78,1
104,89,1
104,96,2
104,98,1
104,103,1
104,115,1
104,118,1
104,122,2
104,128,1
104,136,1
104,137,1
104,138,1
104,145,1
104,154,2
104,155,1
104,158,1
104,161,1
105,32,14
105,35,5
105,44,16
105,58,1
105,59,14
105,61,2
105,62,10
105,93,1
105,96,2
105,113,14
105,141,2
105,149,1
105,155,1
106,1,7
106,3,2
106,5,5
106,25,3
106,30,1
106,31,2
106,33,1
106,37,1
106,40,1
106,43,4
106,47,1
106,51,1
106,52,1
106,55,5
106,56,1
106,60,4
106,71,1
106,72,5
106,82,1
106,87,1
106,91,1
106,96,1
106,98,6
106,114,1
106,129,1
106,131,2
106,136,1
106,137,1
106,138,1
106,140,2
106,142,1
106,148,1
106,150,4
106,152,2
106,155,1
106,156,1
106,165,2
107,10,1
107,19,1
107,29,10
107,68,11
107,69,1
107,72,1
107,74,8
107,75,1
107,78,1
107,80,1
107,81,4
107,116,1
107,118,2
107,119,1
107,122,1
107,127,4
107,137,6
107,142,1
107,144,2
107,147,4
107,154,2
107,157,4
108,0,1
108,2,1
108,6,3
108,8,2
108,13,1
108,14,3
108,33,4
108,37,2
108,40,1
108,45,2
108,50,3
108,65,1
108,70,3
108,71,1
108,85,2
108,86,1
108,102,2
108,110,1
108,117,2
108,120,4
108,121,4
108,122,4
108,128,2
108,130,3
108,133,6
108,138,6
108,142,2
108,151,3
108,153,2
108,162,1
109,0,1
109,5,1
109,6,2
109,8,4
109,9,1
109,14,1
109,17,2
109,19,1
109,20,3
109,36,1
109,37,2
109,40,4
109,45,46
109,46,2
109,50,2
109,51,2
109,54,10
109,56,3
109,64,2
109,65,4
109,70,1
109,71,2
109,80,2
109,86,1
109,102,2
109,110,2
109,117,3
109,118,4
109,120,4
109,121,1
109,122,3
109,128,34
109,130,2
109,133,2
109,134,1
109,138,8
109,142,2
109,143,2
109,151,3
109,153,2
109,162,29
109,164,5
110,0,1
110,8,4
110,9,1
110,13,1
110,14,3
110,17,2
110,20,6
110,33,1
110,37,4
110,40,31
110,45,1
110,50,7
110,51,6
110,54,3
110,56,1
110,64,7
110,65,3
110,71,6
110,80,1
110,102,5
110,109,2
110,117,2
110,118,5
110,121,1
110,122,7
110,128,4
110,130,1
110,134,1
110,138,3
110,142,32
110,143,3
110,151,4
110,153,1
110,162,1
110,164,5
111,7,4
111,10,9
111,29,2
111,67,1
111,68,5
111,69,8
111,74,8
111,75,4
111,78,8
111,81,1
111,89,1
111,104,1
111,119,17
111,127,11
111,132,1
111,137,2
111,144,2
111,147,4
111,154,12
111,157,2
112,11,5
112,22,1
112,24,2
112,29,2
112,66,9
112,67,2
112,68,1
112,69,6
112,70,1
112,74,1
112,75,8
112,76,3
112,78,3
112,81,2
112,89,2
112,90,2
112,97,1
112,101,2
112,111,2
112,119,1
112,132,1
112,137,1
112,139,4
112,140,1
112,147,3
112,154,4
112,163,3
113,5,1
113,14,1
113,19,1
113,26,3
113,28,2
113,32,18
113,34,2
113,35,3
113,44,12
113,45,1
113,58,1
113,59,10
113,61,1
113,62,13
113,73,2
113,96,10
113,105,4
113,115,1
113,149,5
113,150,1
113,155,12
113,156,1
114,5,45
114,16,12
114,19,34
114,28,14
114,30,14
114,37,1
114,42,9
114,45,2
114,51,2
114,54,1
114,71,1
114,74,1
114,96,2
114,115,9
114,138,2
114,142,1
114,155,2
114,156,27
114,159,3
114,164,1
115,5,28
115,16,9
115,19,22
115,28,32
115,29,1
115,30,14
115,32,1
115,40,1
115,42,6
115,51,1
115,54,1
115,96,2
115,114,13
115,117,2
115,121,1
115,155,1
115,156,24
115,159,4
115,164,1
116,10,1
116,11,1
116,22,6
116,24,2
116,29,4
116,63,3
116,66,2
116,67,10
116,68,1
116,74,2
116,78,2
116,79,3
116,89,3
116,90,1
116,107,1
116,111,2
116,119,1
116,132,6
116,137,5
116,139,1
116,144,5
116,147,10
116,157,2
116,160,5
116,161,1
116,163,1
117,5,1
117,6,1
117,13,1
117,14,1
117,19,3
117,20,1
117,30,1
117,33,1
117,37,2
117,38,1
117,40,1
117,42,1
117,45,10
117,50,2
117,51,2
117,53,1
117,54,5
117,56,1
117,64,2
117,70,1
117,71,4
117,74,1
117,80,1
117,102,4
117,109,3
117,110,2
117,118,4
117,121,1
117,122,3
117,129,1
117,133,3
117,134,2
117,137,1
117,138,2
117,142,6
117,151,2
117,153,2
117,162,1
117,164,3
118,0,1
118,8,2
118,14,3
118,19,1
118,20,4
118,37,1
118,38,3
118,40,2
118,45,2
118,51,3
118,54,5
118,56,4
118,70,1
118,71,5
118,86,1
118,98,1
118,102,1
118,109,2
118,110,1
118,117,3
118,120,2
118,121,3
118,122,2
118,128,2
118,137,1
118,138,4
118,142,4
118,143,4
118,153,2
118,155,2
118,156,1
118,164,1
119,5,1
119,7,3
119,10,10
119,29,7
119,30,1
119,67,1
119,68,9
119,69,7
119,74,2
119,75,3
119,76,1
119,78,17
119,107,2
119,111,4
119,127,13
119,132,1
119,137,5
119,142,1
119,144,2
119,147,3
119,154,8
119,157,8
119,160,1
120,8,5
120,14,3
120,20,3
120,28,1
120,33,2
120,36,1
120,37,1
120,38,6
120,40,4
120,45,2
120,51,7
120,54,3
120,64,2
120,68,1
120,71,5
120,96,1
120,102,6
120,108,1
120,109,1
120,110,2
120,117,1
120,118,2
120,121,1
120,122,6
120,128,3
120,130,2
120,138,9
120,142,4
120,143,4
120,151,1
120,155,2
120,162,2
121,0,3
121,8,1
121,14,1
121,17,1
121,19,1
121,20,7
121,25,1
121,33,1
121,34,1
121,36,1
121,37,2
121,38,7
121,40,2
121,43,1
121,45,1
121,51,4
121,54,1
121,56,1
121,64,5
121,71,5
121,75,1
121,85,1
121,102,5
121,109,2
121,110,1
121,117,2
121,118,4
121,128,1
121,130,3
121,134,1
121,138,7
121,142,2
121,143,3
121,151,3
121,156,1
121,164,8
122,0,1
122,5,2
122,8,3
122,14,5
122,19,3
122,20,1
122,28,1
122,38,1
122,40,1
122,45,2
122,51,2
122,53,1
122,54,5
122,56,4
122,64,3
122,65,1
122,70,1
122,71,2
122,74,1
122,96,1
122,102,1
122,107,1
122,109,1
122,117,1
122,118,7
122,120,2
122,121,1
122,128,1
122,133,2
122,134,2
122,138,4
122,142,3
122,151,1
122,153,1
122,156,2
122,162,2
122,164,1
123,1,4
123,3,2
123,15,2
123,23,2
123,25,3
123,31,1
123,39,1
123,43,2
123,47,3
123,52,1
123,55,2
123,72,4
123,77,4
123,82,1
123,83,3
123,91,1
123,95,1
123,98,2
123,99,2
123,106,2
123,140,2
123,146,5
123,150,5
123,152,10
123,165,2
123,166,2
124,4,2
124,12,2
124,26,2
124,34,2
124,41,2
124,57,3
124,58,1
124,61,5
124,73,5
124,93,3
124,96,2
124,141,1
124,149,10
125,4,1
125,12,1
125,26,2
125,34,1
125,41,5
125,44,2
125,57,12
125,59,2
125,61,3
125,73,5
125,93,6
125,113,2
125,124,5
125,141,2
125,149,2
126,8,2
126,9,2
126,13,2
126,14,8
126,17,2
126,20,2
126,33,2
126,36,6
126,37,6
126,45,6
126,46,1
126,48,2
126,50,4
126,54,4
126,56,2
126,64,4
126,70,2
126,76,2
126,80,3
126,85,4
126,86,2
126,97,6
126,102,6
126,109,4
126,110,4
126,117,8
126,120,2
126,121,2
126,122,4
126,128,8
126,130,2
126,133,4
126,134,4
126,138,4
126,142,4
126,143,4
126,151,3
126,153,2
126,162,4
127,5,1
127,7,3
127,10,5
127,19,2
127,25,1
127,29,5
127,40,2
127,51,1
127,54,1
127,68,4
127,69,11
127,74,7
127,75,1
127,78,12
127,81,1
127,83,1
127,96,3
127,102,1
127,104,2
127,107,1
127,119,6
127,120,1
127,122,1
127,137,2
127,138,1
127,142,1
127,144,2
127,149,1
127,153,1
127,154,6
127,155,1
127,156,1
127,157,3
128,8,3
128,13,1
128,14,10
128,19,5
128,32,1
128,37,3
128,38,4
128,40,2
128,45,31
128,51,2
128,53,2
128,54,6
128,56,1
128,70,1
128,71,5
128,76,1
128,85,1
128,98,1
128,102,4
128,108,1
128,109,13
128,110,2
128,114,1
128,115,1
128,117,1
128,118,4
128,120,2
128,121,1
128,122,2
128,130,1
128,133,1
128,138,5
128,142,1
128,143,2
128,153,1
128,156,1
128,162,16
128,164,1
129,1,8
129,3,2
129,21,1
129,23,1
129,25,1
129,27,2
129,30,1
129,39,1
129,43,4
129,52,1
129,55,2
129,60,7
129,72,5
129,82,1
129,83,2
129,89,1
129,91,4
129,94,1
129,98,7
129,106,4
129,131,2
129,148,4
129,150,4
129,151,1
129,165,4
129,166,1
130,0,1
130,5,1
130,7,1
130,8,1
130,9,1
130,14,3
130,19,1
130,33,1
130,40,2
130,46,1
130,50,1
130,51,1
130,55,1
130,71,1
130,72,1
130,74,3
130,76,1
130,85,1
130,102,3
130,108,1
130,114,1
130,118,3
130,120,1
130,122,1
130,134,1
130,138,2
130,143,1
130,153,2
131,1,2
131,15,3
131,23,2
131,25,2
131,27,3
131,31,1
131,39,2
131,52,1
131,55,1
131,60,5
131,72,5
131,82,3
131,91,2
131,94,1
131,98,6
131,106,5
131,129,6
131,140,3
131,148,5
131,150,2
131,165,1
132,7,2
132,10,3
132,22,10
132,24,1
132,26,2
132,29,8
132,50,1
132,55,1
132,63,5
132,66,4
132,67,15
132,68,2
132,69,5
132,74,11
132,75,5
132,78,6
132,79,2
132,81,1
132,89,12
132,104,1
132,107,8
132,111,4
132,112,1
132,116,2
132,117,1
132,119,4
132,127,3
132,137,15
132,144,3
132,147,26
132,154,1
132,157,3
132,160,3
132,161,12
133,6,2
133,9,1
133,13,1
133,17,1
133,33,2
133,36,1
133,37,5
133,43,1
133,45,4
133,51,1
133,54,3
133,56,2
133,74,2
133,98,1
133,102,1
133,114,1
133,118,3
133,120,1
133,121,4
133,122,1
133,128,1
133,130,2
133,134,3
133,138,4
133,142,1
133,151,3
133,153,2
133,162,3
134,0,1
134,8,2
134,13,1
134,17,2
134,20,3
134,33,4
134,36,2
134,37,1
134,40,2
134,45,4
134,46,2
134,51,2
134,56,3
134,62,1
134,65,1
134,71,4
134,85,2
134,102,2
134,108,1
134,109,2
134,110,6
134,114,1
134,117,1
134,121,3
134,122,2
134,128,2
134,133,1
134,136,1
134,138,2
134,143,3
134,153,1
135,7,9
135,49,7
135,103,9
135,104,10
135,145,14
135,158,4
136,1,1
136,3,1
136,19,1
136,21,1
136,27,2
136,31,1
136,39,1
136,43,2
136,47,1
136,51,1
136,52,1
136,55,4
136,60,1
136,72,1
136,88,1
136,91,1
136,94,1
136,95,1
136,96,1
136,98,1
136,100,1
136,106,7
136,120,1
136,129,2
136,131,1
136,138,3
136,146,1
136,150,2
136,154,1
136,155,1
136,156,2
136,165,4
136,166,3
137,1,3
137,5,2
137,7,5
137,10,2
137,14,2
137,22,4
137,24,1
137,26,1
137,29,2
137,32,1
137,37,1
137,43,2
137,51,1
137,54,2
137,64,1
137,66,3
137,67,2
137,68,7
137,70,1
137,71,1
137,74,6
137,78,5
137,81,1
137,89,9
137,96,2
137,102,1
137,110,2
137,111,1
137,114,1
137,119,3
137,127,3
137,130,1
137,138,1
137,142,1
137,143,1
137,144,1
137,147,8
137,151,2
137,154,1
137,155,1
137,156,2
137,160,1
137,161,1
137,164,2
137,165,1
138,5,1
138,8,1
138,14,2
138,19,4
138,28,1
138,33,2
138,36,1
138,38,3
138,40,1
138,45,4
138,50,1
138,51,5
138,54,4
138,56,1
138,65,1
138,71,4
138,102,2
138,106,1
138,109,2
138,110,1
138,118,1
138,120,2
138,121,3
138,122,1
138,128,2
138,133,1
138,142,2
138,143,1
138,151,1
138,155,1
138,162,1
138,164,3
139,10,1
139,11,4
139,22,3
139,24,1
139,66,5
139,67,1
139,68,2
139,69,1
139,74,3
139,75,1
139,79,2
139,81,3
139,90,5
139,101,2
139,107,3
139,111,2
139,112,3
139,116,2
139,119,3
139,127,3
139,132,1
139,137,2
139,140,1
139,144,3
139,147,5
139,154,6
139,157,1
140,1,1
140,3,1
140,15,2
140,23,3
140,25,4
140,31,4
140,39,3
140,43,6
140,47,4
140,55,8
140,72,7
140,75,2
140,77,9
140,78,1
140,82,1
140,83,3
140,87,1
140,88,2
140,91,2
140,97,1
140,98,1
140,99,2
140,106,5
140,123,1
140,131,1
140,136,3
140,137,1
140,144,1
140,146,4
140,150,2
140,152,11
140,154,2
140,165,10
140,166,1
141,4,1
141,12,2
141,26,1
141,32,3
141,34,7
141,35,3
141,44,8
141,57,1
141,58,2
141,59,2
141,61,3
141,62,1
141,73,4
141,93,3
141,96,1
141,105,1
141,124,2
141,125,1
141,149,7
142,8,7
142,14,4
142,19,5
142,20,3
142,32,1
142,33,2
142,38,3
142,40,17
142,45,2
142,50,4
142,51,4
142,54,9
142,64,3
142,65,1
142,71,5
142,80,1
142,102,2
142,109,3
142,110,15
142,117,1
142,118,4
142,121,2
142,122,3
142,128,4
142,129,1
142,138,4
142,143,3
142,151,2
142,153,1
142,156,1
142,164,2
143,5,2
143,8,12
143,9,1
143,14,3
143,28,2
143,30,1
143,36,1
143,37,1
143,38,11
143,40,2
143,45,7
143,50,1
143,51,3
143,54,2
143,56,1
143,64,12
143,71,13
143,86,1
143,102,4
143,109,1
143,110,4
143,117,2
143,118,5
143,120,2
143,121,4
143,122,7
143,128,4
143,130,1
143,134,2
143,138,3
143,142,5
143,151,5
143,162,1
143,164,2
144,7,2
144,10,3
144,29,3
144,66,2
144,67,1
144,68,10
144,69,6
144,74,7
144,75,6
144,78,4
144,81,1
144,90,1
144,106,1
144,107,2
144,111,3
144,119,4
144,127,6
144,132,2
144,137,3
144,140,1
144,147,2
144,150,1
144,151,1
144,154,3
144,157,1
145,7,10
145,49,6
145,58,1
145,93,2
145,103,11
145,104,8
145,106,1
145,135,4
145,138,1
145,156,1
145,158,3
146,1,3
146,15,2
146,23,5
146,25,1
146,27,2
146,39,4
146,43,6
146,47,4
146,52,1
146,55,3
146,72,2
146,77,13
146,82,1
146,83,1
146,87,1
146,88,5
146,95,2
146,98,3
146,99,3
146,106,3
146,123,6
146,129,2
146,140,10
146,148,1
146,152,15
146,165,10
146,166,4
147,7,4
147,10,1
147,11,2
147,19,1
147,22,9
147,24,2
147,29,6
147,50,1
147,55,2
147,63,8
147,66,5
147,67,19
147,68,10
147,69,9
147,70,1
147,74,13
147,78,4
147,79,1
147,81,2
147,82,1
147,89,23
147,92,1
147,98,1
147,104,1
147,107,5
147,110,1
147,111,4
147,112,1
147,116,2
147,117,1
147,119,1
147,127,7
147,132,9
147,137,24
147,142,3
147,154,5
147,155,1
147,157,2
147,160,2
147,161,13
148,1,1
148,3,3
148,15,2
148,18,1
148,21,3
148,25,12
148,27,1
148,39,6
148,43,2
148,47,1
148,51,1
148,52,1
148,55,8
148,60,5
148,72,5
148,77,2
148,82,1
148,83,1
148,88,1
148,91,2
148,94,1
148,98,2
148,106,2
148,129,3
148,131,1
148,137,1
148,143,1
148,146,1
148,150,5
148,152,2
148,165,3
148,166,3
149,4,1
149,12,1
149,26,1
149,30,1
149,32,13
149,34,4
149,35,1
149,44,2
149,45,1
149,57,3
149,58,1
149,59,4
149,61,10
149,62,8
149,73,8
149,93,6
149,96,13
149,113,2
149,114,1
149,124,2
149,125,2
149,141,6
149,155,17
150,1,3
150,5,1
150,14,1
150,18,2
150,21,2
150,25,5
150,30,1
150,39,1
150,43,6
150,45,2
150,47,2
150,50,1
150,52,1
150,53,1
150,54,1
150,55,6
150,60,6
150,72,2
150,74,1
150,82,3
150,83,3
150,91,2
150,92,1
150,98,5
150,99,1
150,106,6
150,117,1
150,122,1
150,129,4
150,136,1
150,138,1
150,140,1
150,153,1
150,165,1
151,0,1
151,8,4
151,9,1
151,14,3
151,17,1
151,19,2
151,20,3
151,25,1
151,33,3
151,37,1
151,38,5
151,40,1
151,45,8
151,50,3
151,51,1
151,54,9
151,56,1
151,64,1
151,65,7
151,71,4
151,74,1
151,80,1
151,86,1
151,102,4
151,109,5
151,110,1
151,117,4
151,118,5
151,120,4
151,121,6
151,122,11
151,138,5
151,142,2
151,143,2
151,153,2
151,162,3
151,164,2
152,1,2
152,3,3
152,15,1
152,21,2
152,23,2
152,25,1
152,27,1
152,31,1
152,39,4
152,43,9
152,47,5
152,52,1
152,55,3
152,60,3
152,72,1
152,77,10
152,82,2
152,87,2
152,88,5
152,95,1
152,98,1
152,100,1
152,106,2
152,123,6
152,129,3
152,136,2
152,140,3
152,146,5
152,148,4
152,150,3
152,165,12
152,166,1
153,33,4
153,36,1
153,45,2
153,51,3
153,54,3
153,56,2
153,65,1
153,71,5
153,85,2
153,109,1
153,117,2
153,118,1
153,121,1
153,128,1
153,133,2
153,134,2
153,138,4
153,151,1
154,7,3
154,10,5
154,29,3
154,30,1
154,37,1
154,43,1
154,54,1
154,66,2
154,67,1
154,68,8
154,69,4
154,74,4
154,75,1
154,76,1
154,78,13
154,81,1
154,89,1
154,107,2
154,111,4
154,119,11
154,127,16
154,133,1
154,137,10
154,144,2
154,147,2
154,156,1
154,157,2
154,160,2
154,163,2
154,164,1
155,5,3
155,8,1
155,14,1
155,16,2
155,19,9
155,26,6
155,28,1
155,30,4
155,32,11
155,34,1
155,37,1
155,38,1
155,42,1
155,43,1
155,54,4
155,55,2
155,59,1
155,61,2
155,62,2
155,68,1
155,71,3
155,73,2
155,74,1
155,96,24
155,113,1
155,114,1
155,115,1
155,117,1
155,121,2
155,127,1
155,130,1
155,137,1
155,138,1
155,149,2
155,151,1
155,156,1
156,5,37
156,7,3
156,8,1
156,14,1
156,16,7
156,19,24
156,28,14
156,30,9
156,32,1
156,37,1
156,40,2
156,42,6
156,51,1
156,54,3
156,62,1
156,64,1
156,71,1
156,96,3
156,102,2
156,114,16
156,115,11
156,122,2
156,138,1
156,142,2
156,159,3
156,164,1
157,7,3
157,10,2
157,28,1
157,29,3
157,64,1
157,66,1
157,68,4
157,69,1
157,74,5
157,78,1
157,107,1
157,111,1
157,119,2
157,127,5
157,137,7
157,144,2
157,147,2
157,154,5
158,7,4
158,49,13
158,103,15
158,104,10
158,135,9
158,145,11
159,5,17
159,16,10
159,19,21
159,28,18
159,30,11
159,42,10
159,96,2
159,114,15
159,115,15
159,156,16
159,164,1
160,17,1
160,29,5
160,63,1
160,67,5
160,68,1
160,69,3
160,74,2
160,81,1
160,89,3
160,90,1
160,107,3
160,111,2
160,116,2
160,119,3
160,127,2
160,132,3
160,137,4
160,144,1
160,147,9
160,154,4
160,157,2
160,166,1
161,7,1
161,22,6
161,24,3
161,63,6
161,66,5
161,67,8
161,70,2
161,74,2
161,78,1
161,89,11
161,137,6
161,147,2
162,5,1
162,8,3
162,13,1
162,14,4
162,17,1
162,19,1
162,20,4
162,33,3
162,36,1
162,37,1
162,38,6
162,40,5
162,45,38
162,50,3
162,53,2
162,54,8
162,56,1
162,64,2
162,65,1
162,71,5
162,97,1
162,102,4
162,108,1
162,109,15
162,110,1
162,117,4
162,118,1
162,120,3
162,121,3
162,122,5
162,128,34
162,130,4
162,133,1
162,138,2
162,143,3
162,151,2
162,164,1
163,10,8
163,24,1
163,29,2
163,66,1
163,67,1
163,68,2
163,69,6
163,74,4
163,78,7
163,81,1
163,83,2
163,89,3
163,90,1
163,98,1
163,107,4
163,111,1
163,112,1
163,116,1
163,119,5
163,127,15
163,132,1
163,137,1
163,144,6
163,147,2
163,154,6
163,157,5
163,160,1
164,8,1
164,14,2
164,19,2
164,20,3
164,28,1
164,38,3
164,40,2
164,45,2
164,51,3
164,54,6
164,56,2
164,64,2
164,71,2
164,102,1
164,109,1
164,110,2
164,117,2
164,118,1
164,121,8
164,122,4
164,138,5
164,142,2
164,151,1
164,156,1
165,1,6
165,3,2
165,15,1
165,23,1
165,25,4
165,27,1
165,31,1
165,39,5
165,42,2
165,43,7
165,47,2
165,52,2
165,55,3
165,60,1
165,64,1
165,66,1
165,72,1
165,77,3
165,83,2
165,87,3
165,88,8
165,98,6
165,99,1
165,100,2
165,106,5
165,122,1
165,129,3
165,136,2
165,137,1
165,140,6
165,146,1
165,148,3
165,150,4
165,152,10
165,166,5
166,1,2
166,3,5
166,23,1
166,25,6
166,27,1
166,29,1
166,31,1
166,39,3
166,43,5
166,55,2
166,60,4
166,72,1
166,77,4
166,88,4
166,91,2
166,94,1
166,98,1
166,100,4
166,106,4
166,123,1
166,129,4
166,136,3
166,146,2
166,148,1
166,150,1
166,152,2
166,165,6
